Name,Sys_ID,IP Address,Created By,Created On
ACM-FPA-OXD-FW01,03c7ff97c3ad4250a01d5673e4013102,192.168.37.1,sjahanzaib@mobizinc.com,
ACM-FPA-LB-FW01,04a77b97c3ad4250a01d5673e401314b,192.168.3.1,sjahanzaib@mobizinc.com,
ACM-FPA-CNA-FW01,04f6f397c3ad4250a01d5673e4013160,192.168.168.1,sjahanzaib@mobizinc.com,
ACM-FPA-ELA-FW01,10377797c3ad4250a01d5673e4013187,192.168.42.1,sjahanzaib@mobizinc.com,
ACM-FPA-WC-FW01,20783bd7c3ad4250a01d5673e4013139,192.168.26.1,sjahanzaib@mobizinc.com,
ACM-FPA-GLE-FW01,2a577b97c3ad4250a01d5673e40131e1,192.168.16.1,sjahanzaib@mobizinc.com,
ACM-FPA-CP-FW01,33d63b57c3ad4250a01d5673e4013119,192.168.19.1,sjahanzaib@mobizinc.com,
ACM-FPA-SM-FW01,363877d7c3ad4250a01d5673e401319c,192.168.8.1,sjahanzaib@mobizinc.com,
ACM-HDG-RC-FW01,42e773d7c3ad4250a01d5673e40131e9,192.168.21.1,sjahanzaib@mobizinc.com,
ACM-FPA-TMC-FW01,434877d7c3ad4250a01d5673e401319f,192.168.17.1,sjahanzaib@mobizinc.com,
ACM-FPA-UPL-FW01,45683bd7c3ad4250a01d5673e40131c1,192.168.6.1,sjahanzaib@mobizinc.com,
ACM-FPA-IGW-FW01,59873797c3ad4250a01d5673e4013156,192.168.43.1,sjahanzaib@mobizinc.com,
ACM-FPA-DNY-FW01,6517fb57c3ad4250a01d5673e401313d,192.168.2.1,sjahanzaib@mobizinc.com,
ACM-FPA-BF-FW01,67a6bb57c3ad4250a01d5673e40131b2,192.168.14.1,sjahanzaib@mobizinc.com,
ACM-HDG-RM-FW01,6df733d7c3ad4250a01d5673e4013106,192.168.22.1,sjahanzaib@mobizinc.com,
ACM-FPA-TOR-FW01,7d58b7d7c3ad4250a01d5673e401318a,192.168.7.1,sjahanzaib@mobizinc.com,
ACM-FPA-LAN-FW01,91973b97c3ad4250a01d5673e40131ca,192.168.41.1,sjahanzaib@mobizinc.com,
ACM-FPA-BKY-FW01,97c6b397c3ad4250a01d5673e4013151,192.168.25.1,sjahanzaib@mobizinc.com,
ACM-FPA-DLA-FW01,9d27f397c3ad4250a01d5673e4013158,192.168.18.1,sjahanzaib@mobizinc.com,
ACM-FPA-FSO-FW01,9e47b797c3ad4250a01d5673e401310d,192.168.13.1,sjahanzaib@mobizinc.com,
ACM-HDG-PD-FW01,a2d73f97c3ad4250a01d5673e40131e4,192.168.23.1,sjahanzaib@mobizinc.com,
ACM-FPA-SB-FW01,a718bb97c3ad4250a01d5673e40131e2,192.168.99.1,sjahanzaib@mobizinc.com,
ACM-FPA-ECJ-FW01,ab37b397c3ad4250a01d5673e40131d9,192.168.12.1,sjahanzaib@mobizinc.com,
ACM-FPA-MH-FW01,afa7bf97c3ad4250a01d5673e401314e,192.168.11.1,sjahanzaib@mobizinc.com,
ACM-FPA-SA-FW01,cb28b7d7c3ad4250a01d5673e40131c4,192.168.4.1,sjahanzaib@mobizinc.com,
ACM-HQ-FW01,d6773797c3ad4250a01d5673e401310c,192.168.250.1,sjahanzaib@mobizinc.com,
ACM-HDG-HSP-FW01,de67b797c3ad4250a01d5673e40131fe,192.168.27.1,sjahanzaib@mobizinc.com,
ACM-FPA-MDS-FW01,e7b73f97c3ad4250a01d5673e401314b,192.168.15.1,sjahanzaib@mobizinc.com,